0513;neuveden
0514;neuveden
0658;neuveden
0774;neuveden
0879;neuveden
0772;neuveden
1502;neuveden
1503;neuveden
1504;neuveden
1505;neuveden
1506;neuveden
2454;Dualsky
2455;Dualsky
2456;Dualsky
2457;Dualsky
2458;Dualsky
2459;Dualsky
2460;Dualsky
2461;Dualsky
2462;Dualsky
2463;Dualsky
2464;Dualsky
1574;Dualsky
1830;Dualsky
1885;Dualsky
1272;Dualsky
1273;Dualsky
1274;Dualsky
1275;Dualsky
1276;Dualsky
1277;Dualsky
1278;Dualsky
1279;Dualsky
1280;Dualsky
1281;Dualsky
1282;Dualsky
1283;Dualsky
1284;Dualsky
1285;Dualsky
1286;Dualsky
1287;Dualsky
1288;Dualsky
1289;Dualsky
1290;Dualsky
1291;Dualsky
1292;Dualsky
1307;Dualsky
2320;Dualsky
2321;Dualsky
1371;Dualsky
1372;Dualsky
1373;Dualsky
1374;Dualsky
1375;Dualsky
1376;Dualsky
1377;Dualsky
1378;Dualsky
1379;Dualsky
1380;Dualsky
1381;Dualsky
1382;Dualsky
1383;Dualsky
1384;Dualsky
1385;Dualsky
1386;Dualsky
1387;Dualsky
1390;Dualsky
1391;Dualsky
1392;Dualsky
1440;Dualsky
1425;Dualsky
1484;Dualsky
1678;Dualsky
1679;Dualsky
1949;Dualsky
1950;Dualsky
2420;Dualsky
1875;Dualsky
2506;Dualsky
2419;Dualsky
2229;Dualsky
2465;Dualsky
2466;Dualsky
2467;Dualsky
2468;Dualsky
2469;Dualsky
2470;Dualsky
2471;Dualsky
2472;Dualsky
2504;Dualsky
2505;Dualsky
2637;Dualsky
0714;Hyperion
2169;Hyperion
2170;Hyperion
2171;Hyperion
2172;Hyperion
2173;Hyperion
2174;Hyperion
2175;Hyperion
2287;Hyperion
2288;Hyperion
2289;Hyperion
2290;Hyperion
2291;Hyperion
2292;Hyperion
2515;Hyperion
2180;Hyperion
2181;Hyperion
2182;Hyperion
2183;Hyperion
2185;Hyperion
2186;Hyperion
2187;Hyperion
2188;Hyperion
2191;Hyperion
2295;Hyperion
2516;Hyperion
2433;Hyperion
2434;Hyperion
2435;Hyperion
2176;Hyperion
2177;Hyperion
2178;Hyperion
2179;Hyperion
2293;Hyperion
2294;Hyperion
1860;Dualsky
1861;Dualsky
1255;Sanyo
1580;Sanyo
1731;Sanyo
1732;Sanyo
1081;Sanyo
0587;Sanyo
0452;Sanyo
0453;Sanyo
0749;Dualsky
0750;Dualsky
0751;Dualsky
0752;Dualsky
0848;Horejsi
1026;Dualsky
1702;Dualsky
1703;Dualsky
1469;Dualsky
2199;Dualsky
1862;Dualsky
1905;Dualsky
1583;Dualsky
1584;Dualsky
2165;Dualsky
2154;Dualsky
2155;Dualsky
2196;Dualsky
2197;Dualsky
2222;Dualsky
2322;Dualsky
2323;Dualsky
2125;Castle
2157;Castle
1843;Castle
1540;Castle
1554;Castle
1576;Dualsky
1602;Dualsky
1589;Dualsky
1767;Dualsky
1858;Dualsky
1846;Dualsky
1997;Dualsky
1999;Dualsky
2328;Dualsky
1689;Castle
1842;Castle
1608;Castle
1488;Castle
1489;Castle
2158;Castle
2126;Castle
2127;Castle
2128;Castle
2499;Castle
2329;Dualsky
2330;Dualsky
2331;Dualsky
2336;Dualsky
2337;Dualsky
2225;Dualsky
2226;Dualsky
2227;Dualsky
2200;Dualsky
2201;Dualsky
2202;Dualsky
2028;Dualsky
1953;Dualsky
1856;Dualsky
1859;Dualsky
1863;Dualsky
1864;Dualsky
1877;Dualsky
1878;Dualsky
1879;Dualsky
1880;Dualsky
1881;Dualsky
1882;Dualsky
1883;Dualsky
1884;Dualsky
1687;Dualsky
1577;Dualsky
1582;Dualsky
1590;Dualsky
1591;Dualsky
1592;Dualsky
1593;Dualsky
1594;Dualsky
1595;Dualsky
1596;Dualsky
1597;Dualsky
1598;Dualsky
1599;Dualsky
1417;Dualsky
1418;Dualsky
1410;Dualsky
1411;Dualsky
1443;Dualsky
1445;Dualsky
2100;BB model
2101;BB model
2603;BB model
2604;BB model
2605;BB model
2606;BB model
2607;BB model
2608;BB model
2609;BB model
0544;BB model
2600;BB model
2601;BB model
2602;BB model
0026-01;TAN
0026-02;TAN
2679;Muldenthal
2680;Muldenthal
2681;Muldenthal
2682;Muldenthal
2144;neuveden
2145;neuveden
2146;neuveden
1633;Horejsi
1634;Horejsi
1635;Horejsi
0390;Horejsi
2140;Horejsi
2149;Horejsi
2150;Horejsi
2151;Horejsi
2152;MP Jet
2363;MP Jet
2364;MP Jet
2365;MP Jet
2366;MP Jet
1472;Horejsi
1474;Horejsi
1477;Horejsi
1436;Horejsi
1466;Dualsky
1467;Dualsky
1468;Dualsky
2367;MP Jet
2368;MP Jet
2369;MP Jet
2370;MP Jet
2371;MP Jet
2372;MP Jet
2373;MP Jet
2374;MP Jet
2375;MP Jet
2376;MP Jet
2377;MP Jet
2378;MP Jet
2379;MP Jet
2380;MP Jet
2381;MP Jet
2382;MP Jet
2383;MP Jet
2384;MP Jet
2385;MP Jet
1966;Moss
1921;Moss
1435;Moss
1261;Moss
1224;Moss
1225;Moss
1226;Moss
1227;Moss
1228;Moss
1229;Moss
2153;MP Jet
2156;MP Jet
2103;MP Jet
2104;MP Jet
2147;MP Jet
2148;MP Jet
2641;MP Jet
2642;MP Jet
2643;MP Jet
2644;MP Jet
2645;MP Jet
2646;MP Jet
2512;Horejsi
1603;Horejsi
1605;Horejsi
2022;GWS
2023;GWS
1810;Horejsi
1811;Horejsi
1812;Horejsi
1813;Horejsi
2262;RapidEyewear
2263;RapidEyewear
2264;RapidEyewear
2265;RapidEyewear
2232;RapidEyewear
2139;RapidEyewear
2214;RapidEyewear
2215;RapidEyewear
2130;RapidEyewear
2132;RapidEyewear
2133;RapidEyewear
2532;RapidEyewear
2533;RapidEyewear
2427;RapidEyewear
2683;RapidEyewear
1971;RapidEyewear
1962;RapidEyewear
1963;RapidEyewear
1964;RapidEyewear
1965;RapidEyewear
2296;Horejsi
2129;Horejsi
RCC_0115;neuveden
RCC_07;neuveden
RCC_08;neuveden
RCC_09;neuveden
RCC_10;neuveden
RCC_11;neuveden
RCC_12;neuveden
RCR_0115;neuveden
RCR_07;neuveden
RCR_08;neuveden
RCR_09;neuveden
RCR_10;neuveden
RCR_11;neuveden
RCR_12;neuveden
0904;Horejsi
XH0048;SpinBlades
XH0049;SpinBlades
XH0050;SpinBlades
0761;Dualsky
2635;Dualsky
2501;Dualsky
0438;MMM
0439;MMM
0652;Dualsky
0594;Dualsky
0597;Dualsky
0383;MMM
0888;Dualsky
0709;Dualsky
0798;Dualsky
0799;Dualsky
0807;Dualsky
0817;Dualsky
0821;Dualsky
0823;Dualsky
0825;MMM
1552;Castle
1424;Dualsky
1698;Castle
0466;DPR
0479;Hyperion
0716;MKS
1045;Hyperion
1046;Hyperion
2088;X-UAV
2089;X-UAV
2090;X-UAV
2091;X-UAV
0704;Orbit
0706;Orbit
1164;Dualsky
0642;Orbit
1298;Dualsky
1773;Frsky
1352;Castle
1866;Castle
1837;Castle
1217;Castle
1218;Castle
1221;Castle
0601;Castle
XH0020;SpinBlades
XH0022;SpinBlades
XH0023;SpinBlades
XH0026;SpinBlades
1416;Hotgear
1334;Nexus
1462;Nexus
1463;Nexus
1464;Nexus
1465;Nexus
1566;Nexus
1567;Nexus
1568;Nexus
1569;Nexus
1570;Nexus
1871;Nexus
1015;Hotgear
1016;Hotgear
0989;Hotgear
0943;Hotgear
0945;Hotgear
0946;Hotgear
0947;Hotgear
0875;Hotgear
0876;Hotgear
0846;Hotgear
0159;Taipan
0160;Taipan
0163;Taipan
0262;GWS
0303;GWS
0599;GWS
1034;GWS
1035;GWS
0732;GWS
1427;GWS
1820;HET
1821;HET
1822;HET
1784;HET
0710;Dualsky
0874;Dualsky
1977;Dualsky
1978;Dualsky
1979;Dualsky
1980;Dualsky
1981;Dualsky
1982;Dualsky
1983;Dualsky
1984;Dualsky
1985;Dualsky
1986;Dualsky
1987;Dualsky
1988;Dualsky
1989;Dualsky
1990;Dualsky
1991;Dualsky
1992;Dualsky
1993;Dualsky
1994;Dualsky
1995;Dualsky
1915;Dualsky
1916;Dualsky
1937;Dualsky
2117;Dualsky
1600;Dualsky
1601;Dualsky
1612;Dualsky
1876;Dualsky
2053;Dualsky
1973;Dualsky
1975;Dualsky
1831;Dualsky
1832;Dualsky
1800;Dualsky
1801;Dualsky
1802;Dualsky
1803;Dualsky
1804;Dualsky
1805;Dualsky
1768;Dualsky
1769;Dualsky
1747;Dualsky
1748;Dualsky
1749;Dualsky
1750;Dualsky
1751;Dualsky
1752;Dualsky
1753;Dualsky
1754;Dualsky
1755;Dualsky
1756;Dualsky
1757;Dualsky
1758;Dualsky
1759;Dualsky
1760;Dualsky
1761;Dualsky
1762;Dualsky
1704;Dualsky
1705;Dualsky
1706;Dualsky
1707;Dualsky
1708;Dualsky
1709;Dualsky
1710;Dualsky
1711;Dualsky
1712;Dualsky
1713;Dualsky
1714;Dualsky
1715;Dualsky
1716;Dualsky
1733;Dualsky
1613;Dualsky
1614;Dualsky
1615;Dualsky
1637;Dualsky
1638;Dualsky
1639;Dualsky
1640;Dualsky
1641;Dualsky
1642;Dualsky
1643;Dualsky
1644;Dualsky
1645;Dualsky
1646;Dualsky
1647;Dualsky
1648;Dualsky
1681;Dualsky
1682;Dualsky
1683;Dualsky
1684;Dualsky
1685;Dualsky
1686;Dualsky
2230;Dualsky
0744;Dualsky
0797;Dualsky
1098;Dualsky
1441;Dualsky
1442;Dualsky
1806;Dualsky
1807;Dualsky
1808;Dualsky
1941;HET
1942;HET
1818;HET
1819;HET
1778;HET
1779;HET
1780;HET
1781;HET
2206;HET
2207;HET
2208;HET
2209;HET
1480;Kontronik
1481;Kontronik
1611;Kontronik
1563;Kontronik
1823;Kontronik
2286;Kontronik
2050;Kontronik
1517;LCD
1056;LCD
0953;LCD
0954;LCD
1500;Horejsi
1495;Horejsi
1496;Horejsi
1497;Horejsi
0253;GWS
0281;Horejsi
0282;Horejsi
0283;Horejsi
0285;Horejsi
0144;Horejsi
0134;Horejsi
0135;Horejsi
0182;FSK
0185;Horejsi
0186;Horejsi
0187;Horejsi
0225;Horejsi
0226;Horejsi
0228;Horejsi
0233;Horejsi
0234;Horejsi
0236;Horejsi
0237;Horejsi
1906;Dualsky
1907;Dualsky
1908;Dualsky
1909;Dualsky
1910;Dualsky
1911;Dualsky
1935;Dualsky
1936;Dualsky
0556;Dualsky
0557;Dualsky
1006;Dualsky
1007;Dualsky
0682;Dualsky
0683;Dualsky
0684;Dualsky
0685;Dualsky
0686;Dualsky
0687;Dualsky
0688;Dualsky
0660;Dualsky
0661;Dualsky
0662;Dualsky
0663;Dualsky
0664;Dualsky
0665;Dualsky
0666;Dualsky
0667;Dualsky
0668;Dualsky
0645;Dualsky
1620;Dualsky
1319;Dualsky
1886;Dualsky
1845;Dualsky
2279;Dualsky
2280;Dualsky
2324;Dualsky
2325;Dualsky
2326;Dualsky
2327;Dualsky
0783;Dualsky
0784;Dualsky
0785;Dualsky
0786;Dualsky
0787;Dualsky
1296;Dualsky
1057;LCD
1058;LCD
0669;Dualsky
0670;Dualsky
0671;Dualsky
0672;Dualsky
1338;Horejsi
1339;Horejsi
1616;neuveden
1617;Dualsky
1618;Dualsky
1619;Dualsky
1890;Dualsky
1912;Dualsky
1764;Dualsky
1765;Dualsky
1766;Dualsky
1250;Horejsi
0894;Hyperion
0895;Hyperion
0896;Hyperion
1740;Kontronik
1741;Kontronik
1742;Kontronik
1844;Kontronik
1824;Kontronik
1785;Kontronik
1960;Dualsky
1515;neuveden
0736;LCD
0673;GWS
0674;GWS
0675;GWS
0676;GWS
0677;GWS
0678;GWS
0679;GWS
0680;GWS
0681;GWS
0968;Horejsi
0856;GWS
1100;GWS
1061;LCD
1062;LCD
1063;LCD
1065;LCD
1066;LCD
1126;LCD
0414;Pohoda
0350;Pohoda
0351;Pohoda
0395;Pohoda
0379;Pohoda
0380;Pohoda
2630;Pohoda
2539;Pohoda
2483;Pohoda
2484;Pohoda
2485;Pohoda
2261;Pohoda
2020;Pohoda
2238;Pohoda
2239;Pohoda
2240;Pohoda
2241;Pohoda
2242;Pohoda
0397;Pohoda
0417;Pohoda
0418;Pohoda
0644;Pohoda
0707;Pohoda
0897;Pohoda
0840;Pohoda
0990;Pohoda
0991;Pohoda
0992;Pohoda
0993;Pohoda
0994;Pohoda
0995;Pohoda
0996;Pohoda
0997;Pohoda
1001;Pohoda
1004;Pohoda
1083;Pohoda
1140;Pohoda
1141;Pohoda
1142;Pohoda
1143;Pohoda
1231;Pohoda
1232;Pohoda
1404;Pohoda
1933;Pohoda
1924;Pohoda
1925;Pohoda
1853;Pohoda
1854;Pohoda
2030;neuveden
2031;neuveden
2032;neuveden
2033;neuveden
2034;neuveden
2035;neuveden
2036;neuveden
2037;neuveden
2038;neuveden
2039;neuveden
2040;neuveden
2041;neuveden
2042;neuveden
2043;neuveden
2044;neuveden
2045;neuveden
2046;neuveden
2047;neuveden
2048;neuveden
1070;LCD
1071;LCD
1072;LCD
1073;LCD
1157;LCD
2057;Globe-Flight
2058;Globe-Flight
2059;Globe-Flight
1968;Globe-Flight
1448;Globe-Flight
2428;Globe-Flight
2429;Globe-Flight
2431;Globe-Flight
2451;Globe-Flight
2453;Globe-Flight
2489;Globe-Flight
2490;Globe-Flight
2491;Globe-Flight
2492;Globe-Flight
2550;Hyperion
2658;Hyperion
2659;Hyperion
2667;Hyperion
2668;Hyperion
2669;Hyperion
2670;Hyperion
2671;Hyperion
2672;Hyperion
2673;Hyperion
2674;Hyperion
2675;Hyperion
2098;Hyperion
2099;Hyperion
E4-1108-1;Beam
E4-1120;Beam
E4-1124;Beam
E4-1125;Beam
E4-1128;Beam
E4-1203;Beam
E4-1217;Beam
E4-1301;Beam
E4-1315-1;Beam
E4-1317;Beam
E4-1317-1;Beam
E4-1325;Beam
E4-1403;Beam
E4-1406;Beam
E4-1424;Beam
E4-1433;Beam
E4-1434;Beam
E4-1438;Beam
E4-1443;Beam
E4-15017;Beam
E4-2305;Beam
E4-2501;Beam
E4-300-5;Beam
E4-3007;Beam
E4-3013;Beam
H55005T;Align
HN6112QAT;Align
HN6113QHT;Align
HN6114QAT;Align
HN7095QAT;Align
HN7096QAT;Align
HN7097QAT;Align
HN7100AT;Align
XH0017;Beastx
XH0018;Beastx
XH0019;Beastx
H55007AT;Align
H50125T;Align
H50126T;Align
H50127T;Align
H50130T;Align
1493;neuveden
0740;Logictech
0741;Logictech
XH0043;SpinBlades
XH0044;SpinBlades
XH0060;SpinBlades
XH0047;SpinBlades
HE50H14T;Align
HE50H15T;Align
HE50H18T;Align
0838;Horejsi
TL10180-01;Horejsi
TL10390;Horejsi
XH0008;Horejsi
XH0009;Horejsi
XH0032;Beastx
XH0033;Beastx
H600GFK;Helitec
XH0034;SpinBlades
XH0035;SpinBlades
XH0039;SpinBlades
XH0040;SpinBlades
XH0041;SpinBlades
XH0042;SpinBlades
XH0045;SpinBlades
XH0046;SpinBlades
XH0054;SpinBlades
XH0055;SpinBlades
XH0056;SpinBlades
XH0029;SpinBlades
XH0030;SpinBlades
XH0031;SpinBlades
XH0057;SpinBlades
XH0058;SpinBlades
XH0059;SpinBlades
XH0036;SpinBlades
XH0037;SpinBlades
XH0038;SpinBlades
XH0052;SpinBlades
XH0053;SpinBlades
H25001T;Align
H25003T-00;Align
H25004T-00;Align
H25005T-00;Align
H25006T-00;Align
H25007T-00;Align
H25008T;Align
H25009T;Align
H25010T;Align
H25011T-00;Align
H25012T;Align
H25013T-00;Align
H25014T;Align
H25015T;Align
H25016T-00;Align
H25020T;Align
H25021T;Align
H25022T;Align
H25023T;Align
H25025T-00;Align
H25026T-00;Align
H25027T;Align
H25028T;Align
H25029T;Align
H25030T-00;Align
H25031T;Align
H25032T;Align
H25033TA;Align
H25034T;Align
H25035T;Align
H25036T;Align
H25037T;Align
H25038T;Align
H25039T;Align
H25040T;Align
H25041T;Align
H25042T;Align
H25043T;Align
H25044T;Align
H25048T;Align
H25049T;Align
H25050T;Align
H25051T;Align
H25052T;Align
H25053T;Align
H25054T;Align
H25055T;Align
H25056T;Align
H25057T;Align
H25058T;Align
H25059T;Align
H25061T;Align
H25062T;Align
H25063T;Align
H25064T;Align
H25066T;Align
H25069T;Align
H25070T;Align
H25073T;Align
H25074T;Align
H25075T;Align
H25076T;Align
H25077T;Align
H25079T;Align
H25080T;Align
H25082T;neuveden
H25083T;Align
H25096T;neuveden
HC4101T;Align
TL030-2;Horejsi
TL1003;Horejsi
XH0003;Horejsi
XH0006;Horejsi
TL1251;Horejsi
TL2055;Horejsi
TL2058;Horejsi
TL2089;Horejsi
TL45052;Align
TL45055;Align
HP2012T-1;Align
HS1003T;Align
HS1009T-1;Align
HS1017T;Align
HS1028T;Align
HS1029T;Align
HS1030T;Align
HS1031T;Align
HS1032T;Align
HS1034T;Align
HS1058T;Align
HS1068T;Align
HS1071T;Align
HS1072T;Align
HS1073T;Align
HS1075T;Align
HS1076T;Align
HS1077T;Align
HS1081T;Align
HS1085T;Align
HS1086T;Align
HS1098T;Align
HS1101T;Align
HS1102T;Align
HS1104T;Align
HS1108T;Align
HS1111T-84;Align
HS1124T;Align
HS1137T-00;Align
HS1140T;Align
HS1144T-00;Align
HS1144T-75;Align
HS1147T;Align
HS1150T-75;Align
HS1151T;Align
HS1176T;Align
HS1181T;Align
HS1184T;Align
HS1185T;Align
HS1186T;Align
HS1192T;Align
HS1196T-72;Align
HS1200T;Align
HS1204T;Align
HS1207T-84;Align
HS1213T-75;Align
HS1214T-00;Align
HS1215T-84;Align
HS1217T;Align
HS1218T-84;Align
HS1219T-01;Align
HS1220AT;Align
HS1221T;Align
HS1222T;Align
HS1229T;Align
HS1230T;Align
HS1236T;Align
HS1244T-75;Align
HS1246T-75;Align
HS1250TA;Align
HS1257T-84;Align
HS1259T-84;Align
HS1264T;Align
HS1266T;Align
HS1276TA;Align
HS1278T;Align
HS1280T;Align
HS1285T;Align
HS1291T;Align
HS1293T-00;Align
HS1294AAT;Align
HS1300T;Align
HT1003T;Align
HZ022T;Align
HZ026T;Align
HZ027T;Align
HZ030T;Align
HZ046T;Align
HZ054T;Align
K10175TA;Align
K10289TA;Align
KN920002TA;Align
H45017T;Align
H45018T;Align
H45019T;Align
H45020T;Align
H45021T;Align
H45022T;Align
H45023T;Align
H45024T;Align
H45025T;Align
H45027T;Align
H45028T;Align
H45029T;Align
H45030T;Align
H45031T;Align
H45032T;Align
H45033T;Align
H45035T;Align
H45036T;Align
H45037T;Align
H45041T;Align
H45042T;Align
H45043T;Align
H45044T;Align
H45045T;Align
H45046T;Align
H45047T;Align
H45048T;Align
H45049T;Align
H45050T-00;Align
H45051T;Align
H45052T;Align
H45053T;Align
H45055T;Align
H45056T;Align
H45058T;Align
H45059T;Align
H45060T;Align
H45061T;Align
H45087T;Align
H45094T;Align
H45099T;Align
H45100T;Align
H45105T;Align
H45108T;Align
XH0152;OYA
XH0282;Horejsi
XH0311;OYA
XH0312;OYA
XH0332;OYA
XH0051;neuveden
H50004T;Align
H50005T;Align
H50008T;Align
H50009T;Align
H50010T;Align
H50012T;Align
H50013T;Align
H50014T;Align
H50015T;Align
H50017T;Align
H50018T-01;Align
H50019T;Align
H50020T;Align
H50021T;Align
H50022T;Align
H50023T;Align
H50025T;Align
H50033T;Align
H50034T;Align
H50036T;Align
H50037T;Align
H50040T;Align
H50041T;Align
H50043T;Align
H50045T;Align
H50047T;Align
H50048T-1;Align
H50049T;Align
H50050T;Align
H50051T;Align
H50052T;Align
H50054T;Align
H50056T;Align
H50058T;Align
H50059T;Align
H50060T;Align
H50061T;Align
H50062T;Align
H50063T;Align
H50065T;Align
H50066T;Align
H50067T;Align
H50073T;Align
H50074T;Align
H50075T;Align
H50082T;Align
H50084T;Align
H50086T;Align
H50088T;Align
H50090T;Align
H50091T;Align
H50093T;Align
H50094T;Align
H50095AT;Align
H50096AT;Align
H50097T;Align
H50101T;Align
H50119BT;Align
H50119T-00;Align
H50121T-1;Align
H50122T;Align
TL50035-04;Align
H50133T;Align
H50140BT;Align
H50157T;Align
H50168T;Align
H50173T;Align
H50178T;Align
H50179T;Align
H50185T;Align
H50188T;Align
H50192T;Align
H50G001XXT;Align
H55008T;Align
H55013T;Align
H55018T;Align
H55025T;Align
H55028T;Align
H55031T;Align
H55034AT;Align
H55037T;Align
H55041T;Align
H55055T;Align
H55006T;Align
HN6001T;Align
HN6002T;Align
HN6003T;Align
HN6004T;Align
HN6005T;Align
HN6006T;Align
HN6018T;Align
HN6025T;Align
HN6026T;Align
HN6028T;Align
HN6030T;Align
HN6031T;Align
HN6036T;Align
HN6037T;Align
HN6043T;Align
HN6052T;Align
HN6053T;Align
HN6059T;Align
HN6065T;Align
HN6096T;Align
HN6098T;Align
HC6505T;Align
H60001T-1;Align
H60002T;Align
H60006T;Align
H60007T;Align
H60008T-1;Align
H60009T;Align
H60010T;Align
H60012T;Align
H60014T;Align
H60015T;Align
H60019AT;Align
H60020AT;Align
H60021T;Align
H60023T;Align
H60024T;Align
H60026T;Align
H60028T;Align
H60030T;Align
H60034T;Align
H60036T;Align
H60038T;Align
H60042T;Align
H60043T;Align
H60045T;Align
H60047T;Align
H60049T;Align
H60051T;Align
H60052TA;Align
H60063T;Align
H60064T;Align
H60065T;Align
H60066T;Align
H60068T;Align
H60071T;Align
H60073T;Align
H60077AT;Align
H60078T;Align
H60079T;Align
H60086T;Align
H60087T;Align
H60088T;Align
H60089T;Align
H60093T;Align
H60103T;Align
H60104T;Align
H60105T;Align
H60106T;Align
H60108T;Align
H60109T;Align
H60111T;Align
H60119T;Align
H60121T;Align
H60122T;Align
H60123T;Align
H60124T;Align
H60125T;Align
H60126T;Align
H60128T-1;Align
H60137T-00;Align
H60138T;Align
H60139T;Align
H60146T;Align
H60147T-01;Align
H60149T;Align
H60150T;Align
H60159T;Align
H60161T;Align
H60163T-78;Align
H60166T;Align
H60167T;Align
H60168T;Align
H60169T;Align
H60186T;Align
H60198T;Align
H60199T;Align
H60201T;Align
H60216T;Align
H60228T;Align
H60243T;Align
H60G002XXT;Align
H60G003XXT;Align
0501;Horejsi
0092;Horejsi
0094;Horejsi
2661;Horejsi
2666;Horejsi
2097;Horejsi
2281;OYA
2282;OYA
2283;OYA
2284;OYA
2285;OYA
0101;Horejsi
0102;Horejsi
0411;Horejsi
0631;Horejsi
0564;Horejsi
0363;Horejsi
0409;Vligerop
0410;Vligerop
2660;Vligerop
0269;Vligerop
0270;Vligerop
0408;Vligerop
0391;Vligerop
0339;Vligerop
1333;Vligerop
0401;Vligerop
0368;Vligerop
0247;Vligerop
0248;Vligerop
0249;Vligerop
0268;Vligerop
0515;Vligerop
2631;Vligerop
0573;Horejsi
0574;Horejsi
1308;BSI
1309;BSI
1310;BSI
1311;BSI
1312;BSI
1313;BSI
1314;BSI
1315;BSI
1316;BSI
1317;BSI
1318;BSI
1349;BSI
1350;BSI
1351;BSI
2138;BSI
1609;BSI
1437;BSI
1438;BSI
1439;BSI
1263;BSI
1264;BSI
1265;BSI
1266;BSI
1267;BSI
1268;BSI
1269;BSI
1270;BSI
1342;BSI
1343;BSI
1344;BSI
1345;BSI
1346;BSI
1347;BSI
1348;BSI
2620;BSI
2137;BSI
0136;Devcon
0138;Devcon
0140;Devcon
0141;Devcon
1199;Loctite
2546;neuveden
2663;neuveden
1161;Horejsi
1394;Dualsky
1395;Dualsky
0729;Eagletree
0730;Eagletree
1171;Eagletree
0536;Eagletree
0537;Eagletree
0538;Eagletree
0634;Eagletree
0635;Eagletree
0636;Eagletree
1450;Eagletree
1446;Eagletree
1447;Eagletree
1630;Eagletree
1631;Eagletree
1775;Eagletree
1776;Eagletree
1777;Eagletree
1855;Eagletree
1771;Eagletree
0866;GWS
2662;eMax
2134;AerobTec
2135;AerobTec
2136;AerobTec
2339;AerobTec
2513;AerobTec
2514;AerobTec
2118;Horejsi
2166;neuveden
1509;Horejsi
2003;Horejsi
0630;Horejsi
0029;Horejsi
1127;Horejsi
1085;neuveden
1008;neuveden
1023;Horejsi
2120;Horejsi
2114;Horejsi
1938;Horejsi
2004;Horejsi
1606;Horejsi
1548;Horejsi
1549;Horejsi
1550;Horejsi
1401;Horejsi
1259;Horejsi
1564;Dualsky
2074;Dualsky
2338;Dualsky
2332;Dualsky
2333;Dualsky
2334;Dualsky
2335;Dualsky
2540;X-UAV
2541;X-UAV
2542;X-UAV
2527;X-UAV
2520;X-UAV
2521;X-UAV
2523;X-UAV
2524;X-UAV
2221-01;X-UAV
2221-02;X-UAV
2310;X-UAV
2311;X-UAV
2313;X-UAV
2315;X-UAV
2316;X-UAV
2318;X-UAV
2410;Robbe
2411;Robbe
2655;eMax
2656;eMax
2647;eMax
2648;eMax
2649;eMax
2650;eMax
2651;eMax
2116;Dualsky
2164;Dualsky
2224;Dualsky
2525;Dualsky
2479;Dualsky
2480;Dualsky
2060;Dualsky
2061;Dualsky
2062;Dualsky
2063;Dualsky
2064;Dualsky
2065;Dualsky
2066;Dualsky
2067;Dualsky
2068;Dualsky
2069;Dualsky
2070;Dualsky
2071;Dualsky
2024;Dualsky
2115;Dualsky
2278;Dualsky
2636;Dualsky
2652;neuveden
2653;neuveden
2476;Dualsky
2477;Dualsky
2478;Dualsky
2473;Dualsky
2474;Dualsky
2432;Dualsky
2502;Dualsky
2503;Dualsky
2526;Dualsky
2072;Dualsky
2025;Dualsky
2481;Dualsky
2482;Dualsky
2654;eMax
2203;Dualsky
1656;APC
2436;Dualsky
2438;Dualsky
2439;Dualsky
2441;Aeronaut
2442;Aeronaut
2443;Aeronaut
2444;Aeronaut
2445;Aeronaut
2446;Aeronaut
2447;Aeronaut
2448;Aeronaut
2449;Aeronaut
2450;Aeronaut
2657;neuveden
2664;neuveden
2079;Gemfan
2080;Gemfan
2081;Gemfan
2082;Gemfan
2027;Dualsky
2412;APC
2413;APC
2414;APC
2415;APC
2416;APC
0478;neuveden
1888;SKYRC
2543;iMax
2544;iMax
2545;iMax
2676;iMax
0925;REVO
1042;REVO
1826;REVO
1827;REVO
1518;REVO
2341;Robbe
1904;SKYRC
0988;REVO
1169;Horejsi
1170;Horejsi
2599;SKYRC
2237;SKYRC
0912;Horejsi
2585;neuveden
2000;Dualsky
2001;Dualsky
2303;ZONA
0038;ZONA
0109;ZONA
0105;ZONA
0106;ZONA
0107;ZONA
0027;ZONA
0028;ZONA
0030;ZONA
0031;ZONA
0036;ZONA
1409;ZONA
2297;ZONA
2298;ZONA
2304;ZONA
2305;ZONA
2306;ZONA
2408;ZONA
2231-01;Modell Studio
2231-02;Modell Studio
2231-03;Modell Studio
2231-04;Modell Studio
2231-05;Modell Studio
2231-06;Modell Studio
2231-07;Modell Studio
2565;neuveden
2566;neuveden
2567;neuveden
2568;neuveden
2569;neuveden
2570;neuveden
2571;neuveden
2572;neuveden
2573;neuveden
2574;neuveden
2575;neuveden
2576;neuveden
2577;neuveden
2578;neuveden
2579;neuveden
2580;neuveden
2581;neuveden
2582;neuveden
2583;neuveden
2584;neuveden
2586;neuveden
2587;neuveden
2588;neuveden
2589;neuveden
2590;neuveden
2591;neuveden
2592;neuveden
2593;neuveden
2615;neuveden
2616;neuveden
0913;Horejsi
1175;LCD
1176;LCD
0979;Horejsi
1537;Horejsi
2299;ZONA
2300;ZONA
2301;ZONA
2302;ZONA
0503;Dyneema
0221;Dyneema
0208;Dyneema
0054;Horejsi
1520;Horejsi
1326;DSR
1330;DSR
1331;DSR
1233;DSR
1236;DSR
1238;DSR
1240;DSR
0898;GWS
0899;GWS
0271;GWS
0070-01;Solarfilm
0070-02;Solarfilm
0070-03;Solarfilm
0070-04;Solarfilm
0070-05;Solarfilm
0070-06;Solarfilm
0070-09;Solarfilm
0070-10;Solarfilm
0070-11;Solarfilm
0171-01;Solarfilm
0171-02;Solarfilm
0171-03;Solarfilm
0171-04;Solarfilm
0171-05;Solarfilm
0041;Solarfilm
0169;Solarfilm
0842-01;Solarfilm
0842-02;Solarfilm
0842-03;Solarfilm
0842-05;Solarfilm
0842-06;Solarfilm
0842-07;Solarfilm
0842-09;Solarfilm
0842-10;Solarfilm
0842-11;Solarfilm
0842-13;Solarfilm
0842-14;Solarfilm
0842-15;Solarfilm
0842-16;Solarfilm
0842-17;Solarfilm
0842-19;Solarfilm
0843;Solarfilm
0844;Solarfilm
1494-01;Horejsi
1494-02;Horejsi
1494-03;Horejsi
2562;neuveden
2563;neuveden
2437;neuveden
0366-331;Icarex
0366-334;Icarex
0366-336;Icarex
0366-338;Icarex
0366-339;Icarex
0366-340;Icarex
0366-346;Icarex
0366-347;Icarex
0366-355;Icarex
0366-357;Icarex
0366-359;Icarex
0040-01;Solarfilm
0040-02;Solarfilm
0040-03;Solarfilm
0040-04;Solarfilm
0040-05;Solarfilm
0040-06;Solarfilm
0040-07;Solarfilm
0040-08;Solarfilm
0040-09;Solarfilm
1086-01;neuveden
1086-02;neuveden
2421;Modell Studio
2422;Modell Studio
2423;Modell Studio
2424;Modell Studio
2425;Modell Studio
2426;Modell Studio
0042-01;Solarfilm
0042-02;Solarfilm
0042-03;Solarfilm
0042-06;Solarfilm
0042-07;Solarfilm
0042-11;Solarfilm
0042-12;Solarfilm
0042-13;Solarfilm
0042-14;Solarfilm
0042-16;Solarfilm
0042-19;Solarfilm
0042-20;Solarfilm
0042-21;Solarfilm
0042-22;Solarfilm
0042-23;Solarfilm
0042-24;Solarfilm
0042-36;Solarfilm
0043-29;Solarfilm
0043-30;Solarfilm
0043-32;Solarfilm
0043-33;Solarfilm
0220-01;Solarfilm
0220-06;Solarfilm
0220-07;Solarfilm
0220-08;Solarfilm
0220-13;Solarfilm
0229-01;Solarfilm
0229-02;Solarfilm
0230-01;Solarfilm
0230-02;Solarfilm
0232-01;Solarfilm
0232-03;Solarfilm
0232-05;Solarfilm
0232-08;Solarfilm
0232-22;Solarfilm
0232-23;Solarfilm
0232-25;Solarfilm
0150-01;Solarfilm
0150-02;Solarfilm
0150-03;Solarfilm
0150-05;Solarfilm
0150-06;Solarfilm
0150-07;Solarfilm
0150-08;Solarfilm
0150-09;Solarfilm
0150-10;Solarfilm
0150-11;Solarfilm
0150-12;Solarfilm
0150-22;Solarfilm
0150-23;Solarfilm
0150-24;Solarfilm
0150-25;Solarfilm
0256-03;Solarfilm
0256-05;Solarfilm
0256-08;Solarfilm
0112-01;Solarfilm
0112-03;Solarfilm
0112-06;Solarfilm
0112-07;Solarfilm
0112-09;Solarfilm
0112-09-01;Solarfilm
0112-10;Solarfilm
0112-11;Solarfilm
0112-12;Solarfilm
0112-13;Solarfilm
0112-14;Solarfilm
0112-19;Solarfilm
0112-20;Solarfilm
0112-21;Solarfilm
0112-22;Solarfilm
0112-23;Solarfilm
0121;Solarfilm
0063;Horejsi
0063-01;Horejsi
0063-02;Horejsi
0063-03;Horejsi
0063-04;Horejsi
0063-05;Horejsi
2507;Horejsi
2508;Horejsi
2509;Horejsi
2510;Horejsi
1451;Horejsi
1452;Horejsi
1453;Horejsi
1454;Horejsi
1455;Horejsi
1456;Horejsi
0545;Horejsi
0558;Horejsi
0559;Horejsi
1675;DEANS
1676;DEANS
0885;Hyperion
0886;Hyperion
0723;Horejsi
1005;Horejsi
1010;Horejsi
1041;Hyperion
1051;Horejsi
1048;Horejsi
1079;Horejsi
0606;Horejsi
0607;Horejsi
0580;Horejsi
0581;Horejsi
0583;Horejsi
0541;Horejsi
0543;Horejsi
2522;neuveden
2528;neuveden
2529;neuveden
2530;neuveden
2531;neuveden
2340;Robbe
0969;Horejsi
0970;Horejsi
0971;Horejsi
0972;Horejsi
0973;Horejsi
0974;Horejsi
0975;Horejsi
0976;Horejsi
0977;Horejsi
0978;Horejsi
1200;Horejsi
1201;Horejsi
1202;Horejsi
1498;neuveden
1513;Horejsi
1514;Horejsi
1507;neuveden
1508;neuveden
2273;Dualsky
2274;Dualsky
2275;Dualsky
2276;Dualsky
2277;Dualsky
2212;REVO
1524;neuveden
1525;neuveden
1544;REVO
1545;REVO
1546;REVO
1928;REVO
1929;REVO
1930;REVO
1931;REVO
1932;REVO
0986;Horejsi
0987;Horejsi
0916;Horejsi
0917;Horejsi
0919;Horejsi
0920;Horejsi
0921;Horejsi
1049;Horejsi
1009;Horejsi
2235;neuveden
2198;Horejsi
2388;neuveden
1027;Horejsi
1028;Horejsi
0776;Horejsi
0519;Horejsi
0286;Horejsi
0287;Horejsi
0291;Horejsi
1913;Horejsi
1927;REVO
1934;Horejsi
1996;Horejsi
1835;REVO
1851;Horejsi
1852;Horejsi
1547;REVO
1299;Dualsky
1300;Dualsky
1341;Horejsi
1368;Horejsi
1369;Horejsi
1335;Horejsi
1336;Horejsi
1429;Horejsi
1430;Horejsi
1431;Horejsi
1432;Horejsi
1433;Horejsi
1434;Horejsi
1458;Horejsi
1459;Horejsi
1895;Horejsi
1896;Horejsi
1897;Horejsi
1898;Horejsi
1899;Horejsi
1900;Horejsi
1901;Horejsi
1902;Horejsi
1746;Horejsi
1972;Horejsi
1926;Horejsi
0835;Horejsi
0836;Horejsi
0837;Horejsi
2106;Horejsi
2633;Horejsi
2634;Horejsi
2418;Horejsi
1526;neuveden
1527;neuveden
1528;neuveden
1555;Horejsi
1556;Horejsi
1557;Horejsi
1558;Horejsi
1559;Horejsi
1560;Horejsi
1561;Horejsi
1562;neuveden
1745;neuveden
0926;Horejsi
0936;neuveden
0864;Horejsi
2632;neuveden
2511;neuveden
2168;neuveden
2678;neuveden
2228;Dualsky
2628;neuveden
2629;Eagletree
2519;Eagletree
1969;Eagletree
1955;REVO
2029;REVO
2266;Futaba
2267;Futaba
2268;Futaba
2269;Futaba
2342;Futaba
2486;Futaba
2487;Futaba
2406;Robbe
2407;Robbe
2640;neuveden
1428;GWS
1357;Futaba
1358;Futaba
1359;Futaba
1691;Reflex
1692;Reflex
1693;Reflex
1694;Reflex
1695;Reflex
1696;Reflex
2517;Futaba
2518;Futaba
2549;Futaba
2270;Futaba
2271;Futaba
2272;Futaba
2123;neuveden
1321;GWS
1322;GWS
0382;GWS
0427;GWS
0461;GWS
0495;Castle
2051;Castle
1340;Castle
1629;Castle
2360;Castle
2386;Castle
2387;Castle
2159;Castle
2160;Castle
2161;Castle
2162;Castle
2163;Castle
2192;Castle
2193;Castle
2194;Castle
2195;Castle
2216;Castle
2217;Castle
2218;Castle
2219;Castle
2220;Castle
2234;Castle
2236;Castle
2619;neuveden
2677;Castle
2141;Dualsky
1479;Dualsky
1426;Dualsky
1396;Dualsky
1422;Dualsky
1974;Dualsky
1998;Dualsky
1887;Dualsky
1833;Dualsky
1834;Dualsky
0609;Dualsky
0610;Dualsky
0624;Dualsky
0625;Dualsky
0653;Dualsky
0733;Dualsky
2213;Kontronik
2547;Kontronik
2639;Kontronik
1743;Kontronik
1521;Kontronik
1522;neuveden
1491;Kontronik
1621;Kontronik
1622;Kontronik
1623;Kontronik
1624;Kontronik
0956;LCD
1059;LCD
1872;Beam
0742;Dualsky
1038;Castle
0565;Dualsky
1320;Castle
1951;Dualsky
1952;Dualsky
1959;Dualsky
1717;Dualsky
2204;Dualsky
2205;Dualsky
2223;neuveden
1252;Dualsky
1397;Dualsky
1625;Dymond
1626;Dymond
1627;Dymond
1628;Dymond
1789;Dymond
1790;Dymond
1945;GWS
0860;GWS
0861;GWS
0908;GWS
1024;GWS
1039;GWS
1040;GWS
0571;GWS
0647;GWS
0648;GWS
0489;GWS
0534;GWS
0429;GWS
0430;GWS
0431;GWS
0432;GWS
0433;GWS
0434;GWS
0444;GWS
0309;GWS
0310;GWS
0311;GWS
0372;GWS
0373;GWS
0374;GWS
0375;GWS
0318;GWS
0319;GWS
0320;GWS
0321;GWS
0322;GWS
0323;GWS
2402;GWS
2189;Hyperion
2190;Hyperion
2108;Hyperion
1074;Hyperion
1075;Hyperion
1136;Hyperion
1137;Hyperion
1138;Hyperion
1139;Hyperion
1178;Hyperion
1179;Hyperion
1180;Hyperion
1181;Hyperion
1182;Hyperion
1183;Hyperion
1184;Hyperion
1185;Hyperion
1186;Hyperion
1187;Hyperion
1188;Hyperion
1205;Hyperion
1206;Hyperion
1207;Hyperion
1208;Hyperion
1209;Hyperion
1210;Hyperion
1211;Hyperion
1212;Hyperion
1213;Hyperion
1214;Hyperion
1215;Hyperion
1216;Hyperion
2009;Hyperion
2010;Hyperion
2011;Hyperion
2012;Hyperion
2013;Hyperion
2014;Hyperion
2015;Hyperion
1636;Hyperion
1542;Horejsi
1304;Hyperion
1168;Hyperion
2107;Hyperion
2109;Hyperion
1734;Hyperion
1735;Hyperion
1736;Hyperion
1737;Hyperion
1738;Hyperion
1739;Hyperion
1787;Hyperion
1788;Hyperion
2016;Hyperion
2005;Hyperion
2006;Hyperion
2007;Hyperion
2008;Hyperion
1943;KST
1944;KST
1922;KST
1923;KST
2083;KST
2493;KST
2494;KST
2495;KST
2496;KST
2497;KST
2498;KST
2534;KST
2535;KST
2536;KST
2537;KST
2624;neuveden
2625;neuveden
2626;KST
2627;KST
2665;neuveden
2564;MKS
1957;MKS
1958;MKS
1976;MKS
2002;MKS
0701;MKS
0702;MKS
1516;HVP
2254;HVP
2255;HVP
2256;HVP
2257;HVP
2258;HVP
2259;HVP
2260;HVP
2622;HVP
2551;HVP
2552;HVP
2553;HVP
2554;HVP
2555;HVP
2556;HVP
2557;HVP
2558;HVP
2559;HVP
2560;HVP
2561;HVP
2594;HVP
2595;HVP
2596;HVP
2597;HVP
2343;HVP
2344;HVP
2345;HVP
2346;HVP
2347;HVP
2348;HVP
2349;HVP
2350;HVP
2351;HVP
2352;HVP
2353;HVP
2354;HVP
2355;HVP
2356;HVP
2357;HVP
2358;HVP
2359;HVP
2243;HVP
2244;HVP
2245;HVP
2246;HVP
2247;HVP
2248;HVP
2621;HVP
2475;HVP
2623;HVP
2249;HVP
2250;HVP
2251;HVP
2252;HVP
2253;HVP
2233;Modell Studio
1677;Modell Studio
1529;Modell Studio
1530;Modell Studio
1370;Modell Studio
1242;Modell Studio
1243;Modell Studio
1244;Modell Studio
1245;Modell Studio
1246;Modell Studio
1247;Modell Studio
1248;Modell Studio
1102;Modell Studio
1103;Modell Studio
1104;Modell Studio
1105;Modell Studio
1106;Modell Studio
1107;Modell Studio
1108;Modell Studio
1109;Modell Studio
1110;Modell Studio
1111;Modell Studio
1112;Modell Studio
1113;Modell Studio
1114;Modell Studio
1115;Modell Studio
1116;Modell Studio
1117;Modell Studio
1118;Modell Studio
1119;Modell Studio
1120;Modell Studio
1121;Modell Studio
1122;Modell Studio
1123;Modell Studio
1124;Modell Studio
1125;Modell Studio
2018;APC
2417;APC
1658;APC
1659;APC
1660;APC
1662;APC
1663;APC
1664;APC
1666;APC
1667;APC
1668;APC
1669;APC
1670;APC
1671;APC
1672;APC
1673;APC
1674;APC
1649;APC
1650;APC
1651;APC
1652;APC
1653;APC
1654;APC
1655;APC
1721;APC
1722;APC
1723;APC
1724;APC
1725;APC
1726;APC
1727;APC
1728;APC
1729;APC
1730;APC
2019;APC
2017;APC
1657;APC
1665;APC
1661;APC
0957;EMP
0958;EMP
0959;EMP
0960;EMP
0961;EMP
0962;EMP
0963;EMP
0964;EMP
0965;EMP
0966;EMP
0967;EMP
1019;EMP
1021;EMP
1022;EMP
1946;EMP
1947;EMP
1948;EMP
0174;Gunther
0175-01;Gunther
0175-02;Gunther
0175-03;Gunther
0175-04;Gunther
0175-05;Gunther
0210;GWS
0194;GWS
0195;GWS
0196;GWS
0238;GWS
0239;GWS
0240;GWS
0241;GWS
0242;GWS
0547;GWS
0413;GWS
0419;GWS
0520;GWS
0521;GWS
0522;GWS
0392;GWS
0324;GWS
0293;GWS
0294;GWS
0295;GWS
0298;GWS
0299;GWS
0300;GWS
0301;GWS
0302;GWS
0312;GWS
0313;GWS
0314;GWS
0315;GWS
0316;GWS
2021;GWS
1607;GWS
1610;GWS
0789;GWS
0790;GWS
0791;GWS
0792;GWS
0793;GWS
0794;GWS
0795;GWS
0796;GWS
0719;GWS
0720;GWS
0721;GWS
0722;GWS
0296;IGRA
0217;IGRA
0057-01;IGRA
0057-02;IGRA
0422;Icarus
2404;PT model
2405;PT model
2389;PT model
2390;PT model
2391;PT model
2392;PT model
2393;PT model
2394;PT model
2395;PT model
2396;PT model
2397;PT model
2398;PT model
2399;PT model
2400;PT model
2401;PT model
2618;PT model
2610;PT model
2611;PT model
2612;PT model
2613;PT model
2614;PT model